Item name,Price,Free Shipping
,,
Hanes Men's Pullover Ecosmart Fleece Hooded Sweatshirt &lparNavy&rpar,7,
Costco Members&colon 2-Pack TP Link HS220 Smart Dimmer Switch,30,
Chase Sapphire Preferred Card&colon Spend &dollar4K on Purchases & Earn,,
"GOTRAX G2 Commuting Electric Scooter w&sol 6&period5"" Tires &lparBlack&rpar",178,+ Free Shipping
Chase Freedom Unlimited®&colon Earn,200,
Fisher Price Wonder Makers Slide & Ride Schoolyard Play Set,16,
42-Piece Danco Home Faucet Washer Assortment,3,
Costco Anywhere Visa® Card by Citi,,
REI Co-op Men's Talusphere Rain Jacket &lparVarious Colors&rpar,49,
2TB XPG SX8200 Pro 3D NAND NVMe Gen3 x4 PCIe M&period2 2280 Solid State Drive,237,+ Free Shipping
8-Pairs of Grabber Toe Warmers,4,
Futurama&colon The Complete Series &lparDigital HD TV Show&rpar,30,
Xbox One Digital Games&colon Red Dead Redemption 2 &dollar30&comma Batman&colon Arkham Knight,5,
American Baby Company Waterproof Fitted Crib Protective Mattress Pad Cover,11,
16-Pk 1&period4oz Purina Beyond Grain-Free Wet Cat Food Complement &lparTuna&rpar,10,
12-Count 3&period2-Oz GoGo squeeZ Applesauce on the Go &lparApple Cinnamon&rpar,5,
Hellfest &lparBlu-ray &plus DVD &plus Digital HD&rpar,5,
16GB &lpar2x8GB&rpar Patriot Viper Steel DDR4 4400 Desktop Memory,115,+ Free Shipping
60-Count Rosso Espresso Coffee Nespresso Pods &lparVariety Pack&rpar,15,
"32"" GIGABYTE G32QC Curved 2560x1440 165Hz FreeSync VA Monitor &plus &dollar15 Newegg GC",370,+ Free Shipping
Samsung Galaxy Buds True Wireless Earbuds &lparWhite&comma Open Box&rpar,60,+ Free Shipping
CyberPower SE450G 450VA 8-Outlet Battery Backup UPS,30,
Rayovac 100 Lumen LED Headlamp Flashlight,6,
CyberPower SX650G 8-Outlet 650VA Standby UPS,40,+ Free Shipping
Dragon Ball Complete Box Set&colon Volumes 1-16 &lparPaperback Manga Books&rpar,78,+ Free Shipping
The Literature Book&colon Big Ideas Simply Explained &lpareBook&rpar,2,
5-Count 1&period17-Oz Fiber One Protein Chewy Bars &lparCaramel Nut&rpar,2,
Halo&colon The Master Chief Collection &lparPC Digital Download&rpar,28,
5-Oz Blue Diamond Gourmet Almonds &lparVarious Flavors&rpar,2,
"42"" Westinghouse Lighting Richboro SE Reversible Five-Blade Indoor Ceiling Fan",60,+ Free Shipping
Fossil&colon Extra 40&percnt Off Sale&colon Men's Ethan Leather Trifold Wallet,11,
TaoTronics BH090 Over-Ear Active Noise Cancelling Bluetooth Headphones,40,+ Free Shipping
MSI PRO B550M PRO-VDH WIFI AMD AM4 Micro ATX Motherboard,110,+ Free Shipping
"Custom 18"" x 24"" Canvas Photo Print &lparIncludes Wrap&comma Backing&comma Hardware&rpar",22,
"500-Count 3""x5"" Tru Red Index Cards &lparLined&comma White&rpar",2,+ Free Shipping
Hand of Fate 2 &lparNintendo Switch Digital Download&rpar,9,
1-Year AMC Stubs Premiere Membership for New or Existing Customers,5,
10-Pack of 15-Count Extra Peppermint Sugarfree Gum,6,
"Torchstar 12-Pack 6"" 12W Dimmable Ultra-Thin Recessed LED Ceiling Light",78,+ Free Shipping
Epic Games&colon The Alto Collection or Remnant&colon From the Ashes &lparPC Digital Download&rpar,,
Dyson V10 Absolute Cordless Vacuum Cleaner &lparRefurbished&rpar,290,+ Free Shipping
A Total War Saga&colon Troy &lparPC Digital Download&rpar,,
Digital 4K UHD Movies&colon Now You See Me&comma Sicario&comma Hacksaw Ridge&comma La La Land,5,
,,
